RUN_ID	SAMPLE_ID	PCT_PF_READS	PCT_Q30_R1	PCT_Q30_R2	COMPLETED_ALL_STEPS	FAILED_STEPS	STEPS_NOT_EXECUTED	CONTAMINATION_SCORE	CONTAMINATION_P_VALUE	MEDIAN_INSERT_SIZE	MEDIAN_EXON_COVERAGE	PCT_EXON_50X	USABLE_MSI_SITES	COVERAGE_MAD	MEDIAN_BIN_COUNT_CNV_TARGET	TOTAL_PF_READS	MEAN_FAMILY_SIZE	MEDIAN_TARGET_COVERAGE	PCT_CHIMERIC_READS	PCT_EXON_100X	PCT_READ_ENRICHMENT	PCT_USABLE_UMI_READS	MEAN_TARGET_COVERAGE	PCT_ALIGNED_READS	PCT_CONTAMINATION_EST	PCT_PF_UQ_READS	PCT_TARGET_0_4X_MEAN	PCT_TARGET_100X	PCT_TARGET_250X	MEDIAN_CV_GENE_500X	TOTAL_ON_TARGET_READS	PCT_ON_TARGET_READS	SCALED_MEDIAN_GENE_COVERAGE
LocalApp2_MetricsOutput	IPD2386-D01-r91-A14_P	81.2	94.4	93.4	TRUE	NA	NA	149	1.000	100	583	99.4	114	0.089	8.1	134247358	3.7	574.0	1.89	98.9	77.4	99.9	560.3	97.2	0.4	100.0	96.2	98.3	95.6	NA	NA	NA	NA
LocalApp2_MetricsOutput	IPD2386-R03-r91-A14_P	81.2	94.4	93.4	TRUE	NA	NA	NA	NA	127	NA	NA	NA	NA	NA	23222766	NA	NA	0.12	NA	NA	NA	NA	NA	NA	NA	NA	NA	NA	63.35	22005664	94.8	4534.3
LocalApp2_MetricsOutput	IPD2409-D01-X91-A08_P	81.2	94.4	93.4	TRUE	NA	NA	2048	0.265	100	296	98.8	71	0.129	4.1	62350614	3.4	289.0	2.22	97.1	76.6	99.9	287.7	97.6	4.5	100.0	94.6	95.9	64.0	NA	NA	NA	NA
LocalApp2_MetricsOutput	IPD2409-R03-X91-A08_P	81.2	94.4	93.4	TRUE	NA	NA	NA	NA	115	NA	NA	NA	NA	NA	20451244	NA	NA	0.31	NA	NA	NA	NA	NA	NA	NA	NA	NA	NA	61.15	19088174	93.3	3536.2
LocalApp2_MetricsOutput	IPD2416-D01-X91-A29_P	81.2	94.4	93.4	TRUE	NA	NA	1355	1.000	95	296	98.9	89	0.220	4.3	86911888	3.1	296.0	3.83	96.3	77.4	99.9	450.6	96.5	1.5	100.0	82.8	95.4	64.5	NA	NA	NA	NA
LocalApp2_MetricsOutput	IPD2416-R03-X91-A29_P	81.2	94.4	93.4	TRUE	NA	NA	NA	NA	129	NA	NA	NA	NA	NA	27629536	NA	NA	0.15	NA	NA	NA	NA	NA	NA	NA	NA	NA	NA	59.05	25893222	93.7	5305.0
LocalApp2_MetricsOutput	IPD2418-D01-P91-A03_P	81.2	94.4	93.4	TRUE	NA	NA	658	1.000	83	275	99.0	107	0.099	4.4	123928962	5.8	272.0	3.96	97.4	73.9	99.9	274.8	98.6	1.5	100.0	96.3	97.0	62.2	NA	NA	NA	NA
LocalApp2_MetricsOutput	IPD2418-R03-P91-A03_P	81.2	94.4	93.4	TRUE	NA	NA	NA	NA	126	NA	NA	NA	NA	NA	29911524	NA	NA	0.13	NA	NA	NA	NA	NA	NA	NA	NA	NA	NA	57.14	28417392	95.0	6020.5
LocalApp2_MetricsOutput	IPD2428-D01-p91-A09_P	81.2	94.4	93.4	TRUE	NA	NA	4568	0.030	96	444	99.3	109	0.193	6.6	117304298	3.7	451.0	3.43	98.6	76.2	99.9	490.2	98.5	3.3	100.0	94.9	98.0	90.9	NA	NA	NA	NA
LocalApp2_MetricsOutput	IPD2428-R03-p91-A09_P	81.2	94.4	93.4	TRUE	NA	NA	NA	NA	115	NA	NA	NA	NA	NA	25334502	NA	NA	0.10	NA	NA	NA	NA	NA	NA	NA	NA	NA	NA	63.01	23430352	92.5	4711.5
LocalApp2_MetricsOutput	IPD2431-D01-P01-A10_P	81.2	94.4	93.4	TRUE	NA	NA	193	1.000	99	509	99.0	88	0.095	6.9	77115086	2.5	494.0	0.88	98.2	80.2	99.9	490.5	98.2	0.5	100.0	93.9	97.2	90.3	NA	NA	NA	NA
LocalApp2_MetricsOutput	IPD2431-R03-P01-A10_P	81.2	94.4	93.4	TRUE	NA	NA	NA	NA	110	NA	NA	NA	NA	NA	18536466	NA	NA	0.12	NA	NA	NA	NA	NA	NA	NA	NA	NA	NA	55.83	17262222	93.1	3686.2
LocalApp2_MetricsOutput	IPD2432-D01-d01-A09_P	81.2	94.4	93.4	TRUE	NA	NA	1219	0.842	95	438	99.1	76	0.117	6.2	102005080	3.6	424.0	0.93	98.3	80.0	99.9	432.5	97.1	2.3	100.0	94.3	97.0	87.7	NA	NA	NA	NA
LocalApp2_MetricsOutput	IPD2432-R03-d01-A09_P	81.2	94.4	93.4	TRUE	NA	NA	NA	NA	100	NA	NA	NA	NA	NA	16058468	NA	NA	0.13	NA	NA	NA	NA	NA	NA	NA	NA	NA	NA	60.24	15048968	93.7	3001.5
LocalApp2_MetricsOutput	IPD2434-D01-P01-A08_P	81.2	94.4	93.4	TRUE	NA	NA	1226	0.977	91	311	99.0	107	0.166	4.7	85028400	3.9	307.0	3.21	97.6	75.1	99.9	308.8	98.2	1.9	100.0	95.3	96.9	70.5	NA	NA	NA	NA
LocalApp2_MetricsOutput	IPD2434-R03-P01-A08_P	81.2	94.4	93.4	TRUE	NA	NA	NA	NA	115	NA	NA	NA	NA	NA	22378626	NA	NA	0.14	NA	NA	NA	NA	NA	NA	NA	NA	NA	NA	57.52	21428322	95.8	3263.2
LocalApp2_MetricsOutput	IPD2435-D01-P01-A23_P	81.2	94.4	93.4	TRUE	NA	NA	651	1.000	84	169	98.3	58	0.199	2.7	90083588	6.2	167.0	4.66	85.1	73.3	99.9	189.5	97.3	1.6	100.0	92.5	83.3	19.7	NA	NA	NA	NA
LocalApp2_MetricsOutput	IPD2435-R03-P01-A23_P	81.2	94.4	93.4	FALSE	FusionCalling	RnaAnnotation,RnaFusionFiltering,RnaFusionMerge,RnaQCMetrics,RnaSpliceVariantCalling	NA	NA	NA	NA	NA	NA	NA	NA	NA	NA	NA	NA	NA	NA	NA	NA	NA	NA	NA	NA	NA	NA	NA	NA	NA	NA
LocalApp2_MetricsOutput	IPD2436-D01-P01-A15_P	81.2	94.4	93.4	TRUE	NA	NA	228	1.000	100	458	99.3	101	0.126	6.3	83500680	2.6	427.0	1.57	98.8	76.5	99.9	505.3	96.8	0.5	100.0	94.4	97.8	89.5	NA	NA	NA	NA
LocalApp2_MetricsOutput	IPD2436-R03-P01-A15_P	81.2	94.4	93.4	TRUE	NA	NA	NA	NA	99	NA	NA	NA	NA	NA	16424966	NA	NA	0.14	NA	NA	NA	NA	NA	NA	NA	NA	NA	NA	62.93	15467117	94.2	2770.8
LocalApp2_MetricsOutput	IPD2437-D01-P01-A10_P	81.2	94.4	93.4	TRUE	NA	NA	1487	0.777	101	578	99.2	92	0.129	7.8	92544036	2.6	560.0	0.87	98.6	79.9	99.9	581.4	98.2	2.5	100.0	93.6	97.8	92.7	NA	NA	NA	NA
LocalApp2_MetricsOutput	IPD2437-R03-P01-A10_P	81.2	94.4	93.4	TRUE	NA	NA	NA	NA	113	NA	NA	NA	NA	NA	18624572	NA	NA	0.13	NA	NA	NA	NA	NA	NA	NA	NA	NA	NA	62.24	17537715	94.2	3570.8
LocalApp2_MetricsOutput	IPD2443-D01-P01-A08_P	81.2	94.4	93.4	TRUE	NA	NA	451	0.975	75	48	46.4	0	0.134	0.8	45790832	12.1	48.0	1.72	0.4	79.1	99.9	47.5	98.1	6.7	100.0	96.1	0.4	0.0	NA	NA	NA	NA
LocalApp2_MetricsOutput	IPD2443-R03-P01-A08_P	81.2	94.4	93.4	TRUE	NA	NA	NA	NA	87	NA	NA	NA	NA	NA	16815140	NA	NA	0.18	NA	NA	NA	NA	NA	NA	NA	NA	NA	NA	62.03	15968969	95.0	2931.2
LocalApp2_MetricsOutput	IPD2444-D01-r01-A25_P	81.2	94.4	93.4	TRUE	NA	NA	11837	0.000	96	686	99.3	106	0.100	9.5	109125694	2.6	673.0	1.66	98.8	80.6	99.8	682.6	98.5	10.7	100.0	94.7	97.9	95.3	NA	NA	NA	NA
LocalApp2_MetricsOutput	IPD2444-R03-r01-A25_P	81.2	94.4	93.4	TRUE	NA	NA	NA	NA	114	NA	NA	NA	NA	NA	27593826	NA	NA	0.16	NA	NA	NA	NA	NA	NA	NA	NA	NA	NA	54.36	25961918	94.1	5742.4
LocalApp2_MetricsOutput	IPD2445-D01-D01-A09_P	81.2	94.4	93.4	TRUE	NA	NA	328	1.000	98	524	99.2	102	0.092	7.2	88088300	2.7	515.0	0.87	98.5	78.2	99.9	509.8	97.6	0.5	100.0	95.0	97.8	92.4	NA	NA	NA	NA
LocalApp2_MetricsOutput	IPD2445-R03-D01-A09_P	81.2	94.4	93.4	TRUE	NA	NA	NA	NA	106	NA	NA	NA	NA	NA	27548330	NA	NA	0.15	NA	NA	NA	NA	NA	NA	NA	NA	NA	NA	62.00	25762611	93.5	5185.8
LocalApp2_MetricsOutput	IPD2448-D01-P01-A10_P	81.2	94.4	93.4	TRUE	NA	NA	421	1.000	98	504	99.0	82	0.117	6.9	86663392	2.6	495.0	1.03	98.2	78.2	99.9	511.1	95.2	1.0	100.0	93.2	97.2	90.2	NA	NA	NA	NA
LocalApp2_MetricsOutput	IPD2448-D01-P02-A15_P	81.2	94.4	93.4	TRUE	NA	NA	400	1.000	86	249	99.1	54	0.116	3.7	86780834	4.7	236.0	1.84	96.4	80.6	99.9	274.7	98.7	0.8	100.0	93.3	94.7	45.0	NA	NA	NA	NA
LocalApp2_MetricsOutput	IPD2448-R03-P01-A10_P	81.2	94.4	93.4	TRUE	NA	NA	NA	NA	120	NA	NA	NA	NA	NA	24866836	NA	NA	0.11	NA	NA	NA	NA	NA	NA	NA	NA	NA	NA	55.18	23438908	94.3	5104.4
LocalApp2_MetricsOutput	IPD2448-R03-P02-A15_P	81.2	94.4	93.4	TRUE	NA	NA	NA	NA	112	NA	NA	NA	NA	NA	26987650	NA	NA	0.14	NA	NA	NA	NA	NA	NA	NA	NA	NA	NA	58.70	25231486	93.5	5277.4
LocalApp2_MetricsOutput	IPD2449-D01-R01-A09_P	81.2	94.4	93.4	TRUE	NA	NA	266	1.000	87	319	98.7	44	0.130	4.7	77267250	3.8	305.0	0.84	96.9	82.1	99.9	308.6	98.6	1.0	100.0	93.0	95.0	68.1	NA	NA	NA	NA
LocalApp2_MetricsOutput	IPD2449-D01-R91-A09_P	81.2	94.4	93.4	TRUE	NA	NA	449	1.000	88	309	98.9	102	0.145	4.9	126664658	6.0	304.0	1.96	97.8	80.6	99.9	310.0	98.6	1.3	100.0	95.7	96.8	72.4	NA	NA	NA	NA
LocalApp2_MetricsOutput	IPD2449-R03-R01-A09_P	81.2	94.4	93.4	TRUE	NA	NA	NA	NA	102	NA	NA	NA	NA	NA	25073240	NA	NA	0.18	NA	NA	NA	NA	NA	NA	NA	NA	NA	NA	79.07	23579901	94.0	3968.0
LocalApp2_MetricsOutput	IPD2449-R03-R91-A09_P	81.2	94.4	93.4	TRUE	NA	NA	NA	NA	113	NA	NA	NA	NA	NA	27307998	NA	NA	0.14	NA	NA	NA	NA	NA	NA	NA	NA	NA	NA	59.18	25983009	95.1	5283.4
LocalApp2_MetricsOutput	IPD2451-D01-X01-A03_P	81.2	94.4	93.4	TRUE	NA	NA	881	0.992	95	350	98.5	52	0.133	5.0	78685602	3.7	340.0	0.45	97.0	81.9	99.9	340.5	98.6	3.9	100.0	92.9	95.4	75.5	NA	NA	NA	NA
LocalApp2_MetricsOutput	IPD2451-R03-X01-A03_P	81.2	94.4	93.4	TRUE	NA	NA	NA	NA	113	NA	NA	NA	NA	NA	25506674	NA	NA	0.24	NA	NA	NA	NA	NA	NA	NA	NA	NA	NA	67.99	23869912	93.6	4506.5
LocalApp2_MetricsOutput	IPD2452-D01-p01-A25_P	81.2	94.4	93.4	TRUE	NA	NA	1744	0.674	97	359	99.1	77	0.154	5.2	94793550	3.9	358.0	1.47	97.9	80.5	99.9	383.7	97.4	4.5	100.0	92.7	96.8	78.3	NA	NA	NA	NA
LocalApp2_MetricsOutput	IPD2452-R03-p01-A25_P	81.2	94.4	93.4	TRUE	NA	NA	NA	NA	119	NA	NA	NA	NA	NA	29269982	NA	NA	0.17	NA	NA	NA	NA	NA	NA	NA	NA	NA	NA	57.41	27463235	93.8	5763.5
LocalApp2_MetricsOutput	IPD2453-D01-P01-AXX_P	81.2	94.4	93.4	TRUE	NA	NA	112	1.000	81	51	52.1	0	0.112	0.8	85070742	25.1	47.0	0.46	1.3	82.0	99.8	48.1	98.1	6.7	100.0	91.5	1.0	0.0	NA	NA	NA	NA
LocalApp2_MetricsOutput	IPD2453-R03-P01-AXX_P	81.2	94.4	93.4	TRUE	NA	NA	NA	NA	117	NA	NA	NA	NA	NA	29998096	NA	NA	0.10	NA	NA	NA	NA	NA	NA	NA	NA	NA	NA	61.77	28389134	94.6	6528.1
LocalApp2_MetricsOutput	IPD2454-D01-r01-AXX_P	81.2	94.4	93.4	TRUE	NA	NA	260	1.000	93	580	99.0	74	0.104	8.1	86797882	2.5	560.0	0.60	98.2	82.8	99.9	559.6	98.2	1.1	100.0	92.8	96.9	91.4	NA	NA	NA	NA
LocalApp2_MetricsOutput	IPD2454-R03-r01-AXX_P	81.2	94.4	93.4	TRUE	NA	NA	NA	NA	115	NA	NA	NA	NA	NA	28185908	NA	NA	0.20	NA	NA	NA	NA	NA	NA	NA	NA	NA	NA	57.90	25895501	91.9	5549.2
LocalApp2_MetricsOutput	IPD2455-D01-P01-A08_P	81.2	94.4	93.4	TRUE	NA	NA	2514	0.020	104	630	98.9	96	0.147	8.3	78550734	2.1	619.0	0.30	98.2	80.9	99.8	639.4	98.5	4.9	100.0	91.9	97.3	92.2	NA	NA	NA	NA
LocalApp2_MetricsOutput	IPD2455-R03-P01-A08_P	81.2	94.4	93.4	TRUE	NA	NA	NA	NA	118	NA	NA	NA	NA	NA	24637324	NA	NA	0.14	NA	NA	NA	NA	NA	NA	NA	NA	NA	NA	59.05	23320701	94.7	4051.5
LocalApp2_MetricsOutput	IPD2456-D01-P01-A08_P	81.2	94.4	93.4	TRUE	NA	NA	2001	0.155	103	592	99.2	96	0.110	7.8	96036240	2.7	571.0	0.54	98.5	80.4	99.9	588.6	97.9	2.1	100.0	92.9	97.6	92.1	NA	NA	NA	NA
LocalApp2_MetricsOutput	IPD2456-R03-P01-A08_P	81.2	94.4	93.4	TRUE	NA	NA	NA	NA	113	NA	NA	NA	NA	NA	24302770	NA	NA	0.15	NA	NA	NA	NA	NA	NA	NA	NA	NA	NA	55.46	22312183	91.8	4616.1
LocalApp2_MetricsOutput	IPD2459-D01-P01-A23_P	81.2	94.4	93.4	TRUE	NA	NA	505	1.000	90	430	99.0	87	0.146	6.3	89139370	3.3	419.0	1.01	98.1	82.2	99.9	425.8	98.5	1.2	100.0	94.1	97.1	86.1	NA	NA	NA	NA
LocalApp2_MetricsOutput	IPD2459-R03-P01-A23_P	81.2	94.4	93.4	TRUE	NA	NA	NA	NA	116	NA	NA	NA	NA	NA	25512164	NA	NA	0.16	NA	NA	NA	NA	NA	NA	NA	NA	NA	NA	62.13	23768216	93.2	4514.7
LocalApp2_MetricsOutput	IPD2465-D01-r01-A15_P	81.2	94.4	93.4	TRUE	NA	NA	37	1.000	108	649	99.3	103	0.101	8.5	141990856	3.8	627.0	1.01	98.7	80.2	99.9	647.3	98.5	0.4	100.0	94.1	98.3	94.4	NA	NA	NA	NA
LocalApp2_MetricsOutput	IPD2465-R03-r01-A15_P	81.2	94.4	93.4	TRUE	NA	NA	NA	NA	126	NA	NA	NA	NA	NA	29997580	NA	NA	0.11	NA	NA	NA	NA	NA	NA	NA	NA	NA	NA	61.89	28069173	93.6	5911.7
